Employee,Title,Office,Status,Will travel,Sector experience,Certifications,Notes
Karen Whitfield,Project Executive,Denver,Active,Y,healthcare; civic,OSHA 30; ICRA,
Tom Brandt,Project Executive,Denver,Active,Y,interiors; office,OSHA 30,
Raj Patel,Project Executive,Denver,Active,Y,multifamily; industrial,OSHA 30,
Jen Alvarez,Senior Project Manager,Denver,Active,Y,healthcare,OSHA 30; ICRA,
Mark Osei,Project Manager,Denver,Active,Y,healthcare; office,OSHA 30,
Dana Liu,Project Manager,Denver,Active,Y,interiors; healthcare,OSHA 30; ICRA,
Chris Novak,Project Manager,Denver,Active,Y,multifamily,OSHA 30,
Priya Raman,Project Manager,Denver,Active,Y,industrial,OSHA 30; LEED AP,
Ben Carter,Project Manager,Denver,Active,Y,civic; education,OSHA 30,
Hannah Kim,Project Manager,Denver,Active,Y,interiors; healthcare,OSHA 30,
Lucas Ferreira,Assistant Project Manager,Denver,Active,Y,healthcare,OSHA 30; ICRA,
Megan Doyle,Assistant Project Manager,Denver,Active,Y,multifamily,OSHA 30,Parental leave Feb-27-Apr-27
Andre Wallace,Assistant Project Manager,Denver,Active,Y,healthcare; industrial,OSHA 30,
Sofia Martinez,Assistant Project Manager,Denver,Active,Y,interiors,OSHA 10,
Tyler Brooks,Project Engineer,Denver,Active,Y,healthcare,OSHA 10; ICRA,
Aisha Bello,Project Engineer,Denver,Active,Y,industrial; civic,OSHA 10,
Kevin Tran,Project Engineer,Denver,Active,Y,industrial,OSHA 10,
Emma Larson,Project Engineer,Denver,Active,Y,interiors,OSHA 10,
Noah Fischer,Project Engineer,Denver,Active,Y,multifamily,OSHA 10,
Grace Yoon,Project Engineer,Denver,Offer accepted - starts Jan-27,Y,healthcare,OSHA 10,
Frank Delgado,General Superintendent,Denver,Active,Y,healthcare; industrial; multifamily; civic,OSHA 30; ICRA; CPR/First Aid,
Dave Kowalski,Superintendent,Denver,Active,Y,industrial; office,OSHA 30; CPR/First Aid,
Maria Chen,Superintendent,Denver,Active,Y,healthcare,OSHA 30; ICRA; CPR/First Aid,
Rick Sorensen,Superintendent,Denver,Active,Y,interiors; office,OSHA 30,
Jim Walsh,Superintendent,Denver,Active,Y,multifamily,OSHA 30; CPR/First Aid,
Tony Russo,Superintendent,Denver,Retiring Mar-27,Y,industrial,OSHA 30,
Paul Henning,Superintendent,Denver,Active,N,interiors,OSHA 30,
Sam Okafor,Superintendent,Denver,Active,Y,healthcare; interiors,OSHA 30; ICRA,
Carla Mendes,Superintendent,Denver,Active,Y,civic; healthcare,OSHA 30; ICRA,
Luis Ortega,Assistant Superintendent,Denver,Active,Y,healthcare,OSHA 30; ICRA,
Jake Miller,Assistant Superintendent,Denver,Active,Y,multifamily,OSHA 10,
Derek Young,Assistant Superintendent,Denver,Active,Y,multifamily,OSHA 10,
Nate Gibson,Assistant Superintendent,Denver,Active,Y,industrial,OSHA 30,
Kyle Brennan,Assistant Superintendent,Denver,Active,N,civic,OSHA 10,
