Job #,Code,Job name,Market,Phase,Start,Substantial completion,Original SC,Closeout complete,Contract value,Planned team,Notes
2411,STV,St. Vincent's ED Renovation,healthcare,construction,Jul-26,Jun-27,Jun-27,Aug-27,$18.4M,PX 25% Oct-26 to Aug-27; Sr PM 100% Oct-26 to Jun-27; Sr PM 50% Jul-27 to Aug-27; APM 100% Oct-26 to Jun-27; PE 100% Oct-26 to Jun-27; Super 100% (ICRA) Oct-26 to Jul-27; AS 100% (ICRA) Oct-26 to Jun-27,Occupied ED - ICRA Class IV
2402,LKW,Lakewood Self Storage,industrial,construction,Mar-26,Feb-27,Feb-27,Mar-27,$9.2M,PM 50% Oct-26 to Feb-27; PM 25% Mar-27 to Mar-27; PE 100% Oct-26 to Feb-27; Super 100% Oct-26 to Feb-27; Super 25% Mar-27 to Mar-27,
2415,CCT,Cherry Creek Tower Floors 12-14 TI,interiors,construction,Sep-26,Feb-27,Feb-27,Feb-27,$4.1M,PX 10% Oct-26 to Feb-27; PM 50% Oct-26 to Feb-27; PE 50% Oct-26 to Feb-27; Super 100% Oct-26 to Feb-27,
2318,UNI,Union Station Lofts,multifamily,construction,Aug-25,Jul-27,Apr-27,Sep-27,$46.0M,PX 25% Oct-26 to Sep-27; PM 100% Oct-26 to Jul-27; PM 50% Aug-27 to Sep-27; APM 100% Oct-26 to Jul-27; PE 100% Oct-26 to Jul-27; Super 100% Oct-26 to Aug-27; AS 200% Oct-26 to Jul-27,SC moved to July per 9/28 schedule update (elevator + roofing delays)
2407,ARV,Arvada Distribution Center,industrial,construction,Jun-26,May-27,May-27,Jun-27,$22.0M,PX 20% Oct-26 to Jun-27; PM 50% Oct-26 to May-27; PM 25% Jun-27 to Jun-27; PE 50% Oct-26 to May-27; Super 100% Oct-26 to May-27; Super 25% Jun-27 to Jun-27; AS 100% Oct-26 to Apr-27,
2420,GLD,Golden Family Dental TI,healthcare,preconstruction,Nov-26,Feb-27,Feb-27,Feb-27,$1.8M,PM 50% Nov-26 to Feb-27; Super 100% Nov-26 to Feb-27,
2416,DTC,DTC Plaza Lobby and Amenity Renovation,interiors,construction,Sep-26,Jan-27,Jan-27,Jan-27,$3.2M,PM 50% Oct-26 to Jan-27; PE 50% Oct-26 to Jan-27; Super 100% Oct-26 to Jan-27,
2409,WSH,Wash Park Medical Office Building,healthcare,preconstruction,Jan-27,Dec-27,Dec-27,Feb-28,$31.0M,PX 25% Oct-26 to Sep-27; PM 50% Oct-26 to Dec-26; PM 100% Jan-27 to Sep-27; APM 100% Feb-27 to Sep-27; PE 100% Jan-27 to Sep-27; Super 25% Nov-26 to Dec-26; Super 100% Jan-27 to Sep-27; AS 100% Apr-27 to Sep-27,CMAR - GMP due Dec 15
2404,BRM,Broomfield Fire Station 7,civic,construction,Apr-26,Apr-27,Apr-27,May-27,$11.0M,PX 20% Oct-26 to May-27; PM 100% Oct-26 to Apr-27; PM 50% May-27 to May-27; PE 50% Oct-26 to Apr-27; Super 100% Oct-26 to Apr-27; Super 25% May-27 to May-27; AS 100% Oct-26 to Mar-27,
